week,gameId,opponent,perspective,metric,actual,expectedLOO,poe,supported
2,401752690,Michigan,offense,successRate,0.4583333333333333,0.4168040176020695,0.04152931573126384,True
2,401752690,Michigan,defense,successRate,0.23636363636363636,0.36932353950565305,0.1329599031420167,True
2,401752690,Michigan,offense,rushSuccessRate,0.4864864864864865,0.3931225427231417,0.09336394376334484,True
2,401752690,Michigan,defense,rushSuccessRate,0.26666666666666666,0.3807637726249463,0.11409710595827965,True
2,401752690,Michigan,offense,passSuccessRate,0.42857142857142855,0.44222210975390885,-0.013650681182480306,True
2,401752690,Michigan,defense,passSuccessRate,0.2,0.3659177729073873,0.1659177729073873,True
2,401752690,Michigan,offense,explosivePlayRate,0.125,0.0997881888222637,0.0252118111777363,True
2,401752690,Michigan,defense,explosivePlayRate,0.07272727272727272,0.10095818439240939,0.028230911665136665,True
2,401752690,Michigan,offense,yardsPerPlay,5.712328767123288,4.841731098795028,0.8705976683282595,True
2,401752690,Michigan,defense,yardsPerPlay,5.321428571428571,4.817122774357594,-0.5043057970709768,True
3,401752703,Temple,offense,successRate,0.5405405405405406,0.4154942659064664,0.1250462746340742,True
3,401752703,Temple,defense,successRate,0.19230769230769232,0.33128614198473916,0.13897844967704684,True
3,401752703,Temple,offense,rushSuccessRate,0.5526315789473685,0.4214138699064675,0.13121770904090096,True
3,401752703,Temple,defense,rushSuccessRate,0.17391304347826086,0.3242467570293597,0.1503337135510988,True
3,401752703,Temple,offense,passSuccessRate,0.5277777777777778,0.3887745636388969,0.1390032141388809,True
3,401752703,Temple,defense,passSuccessRate,0.20689655172413793,0.3841509648998075,0.17725441317566956,True
3,401752703,Temple,offense,explosivePlayRate,0.20270270270270271,0.11283828010209115,0.08986442260061156,True
3,401752703,Temple,defense,explosivePlayRate,0.019230769230769232,0.09086808787292402,0.07163731864215479,True
3,401752703,Temple,offense,yardsPerPlay,6.837837837837838,6.378928414823851,0.45890942301398674,True
3,401752703,Temple,defense,yardsPerPlay,2.2115384615384617,3.9452329938399413,1.7336945323014796,True
4,401752714,Auburn,offense,successRate,0.4262295081967213,0.3696826130135631,0.0565468951831582,True
4,401752714,Auburn,defense,successRate,0.29850746268656714,0.3435954018959989,0.04508793920943177,True
4,401752714,Auburn,offense,rushSuccessRate,0.2916666666666667,0.3476825435253858,-0.056015876858719116,True
4,401752714,Auburn,defense,rushSuccessRate,0.2692307692307692,0.3603633169316338,0.0911325477008646,True
4,401752714,Auburn,offense,passSuccessRate,0.5135135135135135,0.4179327507637414,0.09558076274977206,True
4,401752714,Auburn,defense,passSuccessRate,0.3170731707317073,0.34489305061290165,0.02781987988119433,True
4,401752714,Auburn,offense,explosivePlayRate,0.06557377049180328,0.10770904646935453,-0.04213527597755125,True
4,401752714,Auburn,defense,explosivePlayRate,0.08955223880597014,0.08499432696889146,-0.004557911837078682,True
4,401752714,Auburn,offense,yardsPerPlay,5.032786885245901,4.821492143033061,0.21129474221284017,True
4,401752714,Auburn,defense,yardsPerPlay,4.5,4.120347853665318,-0.37965214633468225,True
6,401752729,Kent State,offense,successRate,0.5223880597014925,0.48469010466395696,0.037697955037535535,True
6,401752729,Kent State,defense,successRate,0.16,0.27252375962732245,0.11252375962732244,True
6,401752729,Kent State,offense,rushSuccessRate,0.5789473684210527,0.4551773543081263,0.12377001411292637,True
6,401752729,Kent State,defense,rushSuccessRate,0.10714285714285714,0.27765809504664846,0.1705152379037913,True
6,401752729,Kent State,offense,passSuccessRate,0.4482758620689655,0.47081319919107334,-0.022537337122107814,True
6,401752729,Kent State,defense,passSuccessRate,0.22727272727272727,0.32582508529746884,0.09855235802474158,True
6,401752729,Kent State,offense,explosivePlayRate,0.16417910447761194,0.128198652931359,0.035980451546252956,True
6,401752729,Kent State,defense,explosivePlayRate,0.06,0.08003984816145804,0.02003984816145804,True
6,401752729,Kent State,offense,yardsPerPlay,5.447761194029851,6.911793816685499,-1.4640326226556484,True
6,401752729,Kent State,defense,yardsPerPlay,2.92,3.843035295234704,0.9230352952347043,True
7,401752736,Texas,offense,successRate,0.375,0.37583148080618606,-0.0008314808061860579,True
7,401752736,Texas,defense,successRate,0.3548387096774194,0.3197147985420366,-0.03512391113538277,True
7,401752736,Texas,offense,rushSuccessRate,0.391304347826087,0.3644671186105652,0.026837229215521785,True
7,401752736,Texas,defense,rushSuccessRate,0.35294117647058826,0.3244352942378788,-0.028505882232709445,True
7,401752736,Texas,offense,passSuccessRate,0.36585365853658536,0.40553298611737376,-0.039679327580788404,True
7,401752736,Texas,defense,passSuccessRate,0.35714285714285715,0.35124230169066617,-0.005900555452190981,True
7,401752736,Texas,offense,explosivePlayRate,0.109375,0.09341900322240526,0.01595599677759474,True
7,401752736,Texas,defense,explosivePlayRate,0.06451612903225806,0.09850782253333239,0.033991693501074324,True
7,401752736,Texas,offense,yardsPerPlay,3.757575757575758,4.945996060111705,-1.1884203025359472,True
7,401752736,Texas,defense,yardsPerPlay,4.870967741935484,4.807765171551424,-0.06320257038406041,True
8,401752744,South Carolina,offense,successRate,0.4307692307692308,0.4006688121805562,0.03010041858867457,True
8,401752744,South Carolina,defense,successRate,0.3225806451612903,0.3201027737708229,-0.002477871390467401,True
8,401752744,South Carolina,offense,rushSuccessRate,0.38461538461538464,0.3785830093868375,0.00603237522854716,True
8,401752744,South Carolina,defense,rushSuccessRate,0.2962962962962963,0.3255072643827865,0.029210968086490208,True
8,401752744,South Carolina,offense,passSuccessRate,0.5,0.4263921176674752,0.0736078823325248,True
8,401752744,South Carolina,defense,passSuccessRate,0.34285714285714286,0.35184013573120254,0.008982992874059681,True
8,401752744,South Carolina,offense,explosivePlayRate,0.09230769230769231,0.10123123316519919,-0.008923540857506879,True
8,401752744,South Carolina,defense,explosivePlayRate,0.04838709677419355,0.11046766969748595,0.0620805729232924,True
8,401752744,South Carolina,offense,yardsPerPlay,5.121212121212121,5.1658359839221175,-0.04462386270999641,True
8,401752744,South Carolina,defense,yardsPerPlay,3.7142857142857144,4.9839123522116235,1.2696266379259091,True
9,401752750,Ole Miss,offense,successRate,0.3275862068965517,0.4079278293742738,-0.08034162247772209,True
9,401752750,Ole Miss,defense,successRate,0.32941176470588235,0.36854811061778475,0.039136345911902404,True
9,401752750,Ole Miss,offense,rushSuccessRate,0.391304347826087,0.42239324661012057,-0.031088898784033592,True
9,401752750,Ole Miss,defense,rushSuccessRate,0.28205128205128205,0.34498784928023246,0.06293656722895041,True
9,401752750,Ole Miss,offense,passSuccessRate,0.2857142857142857,0.401671963193282,-0.11595767747899632,True
9,401752750,Ole Miss,defense,passSuccessRate,0.3695652173913043,0.41131753262456383,0.04175231523325951,True
9,401752750,Ole Miss,offense,explosivePlayRate,0.08620689655172414,0.11397846670390259,-0.027771570152178446,True
9,401752750,Ole Miss,defense,explosivePlayRate,0.12790697674418605,0.09829041572800275,-0.029616561016183304,True
9,401752750,Ole Miss,offense,yardsPerPlay,6.389830508474576,5.422252173317385,0.9675783351571914,True
9,401752750,Ole Miss,defense,yardsPerPlay,4.930232558139535,5.5445246466627855,0.6142920885232508,True
10,401752757,Tennessee,offense,successRate,0.4576271186440678,0.43326180225891786,0.024365316385149938,True
10,401752757,Tennessee,defense,successRate,0.4246575342465753,0.385103759778471,-0.03955377446810432,True
10,401752757,Tennessee,offense,rushSuccessRate,0.45161290322580644,0.4396222224844397,0.011990680741366722,True
10,401752757,Tennessee,defense,rushSuccessRate,0.3,0.391887290947339,0.091887290947339,True
10,401752757,Tennessee,offense,passSuccessRate,0.4642857142857143,0.416895466871559,0.04739024741415532,True
10,401752757,Tennessee,defense,passSuccessRate,0.5116279069767442,0.40036106370552027,-0.11126684327122394,True
10,401752757,Tennessee,offense,explosivePlayRate,0.06779661016949153,0.11312793473825689,-0.04533132456876536,True
10,401752757,Tennessee,defense,explosivePlayRate,0.0821917808219178,0.09294645766181357,0.010754676839895769,True
10,401752757,Tennessee,offense,yardsPerPlay,5.114754098360656,5.760344110212777,-0.6455900118521205,True
10,401752757,Tennessee,defense,yardsPerPlay,5.987012987012987,5.261555149911575,-0.7254578371014118,True
12,401752765,Alabama,offense,successRate,0.2978723404255319,0.3726961191267287,-0.07482377870119677,True
12,401752765,Alabama,defense,successRate,0.4722222222222222,0.3317914285894909,-0.1404307936327313,True
12,401752765,Alabama,offense,rushSuccessRate,0.2,0.3818538361600332,-0.1818538361600332,True
12,401752765,Alabama,defense,rushSuccessRate,0.4482758620689655,0.30620465725766666,-0.14207120481129887,True
12,401752765,Alabama,offense,passSuccessRate,0.4090909090909091,0.37588249295295695,0.03320841613795217,True
12,401752765,Alabama,defense,passSuccessRate,0.4883720930232558,0.3842109835508193,-0.10416110947243651,True
12,401752765,Alabama,offense,explosivePlayRate,0.0851063829787234,0.09476005700426568,-0.009653674025542278,True
12,401752765,Alabama,defense,explosivePlayRate,0.08333333333333333,0.09470586172563429,0.011372528392300962,True
12,401752765,Alabama,offense,yardsPerPlay,4.3,4.788714906718731,-0.4887149067187311,True
12,401752765,Alabama,defense,yardsPerPlay,5.583333333333333,4.797901277557687,-0.7854320557756465,True
13,401752778,Missouri,offense,successRate,0.3103448275862069,0.3642983362149536,-0.053953508628746705,True
13,401752778,Missouri,defense,successRate,0.3283582089552239,0.3354447844169271,0.007086575461703215,True
13,401752778,Missouri,offense,rushSuccessRate,0.3103448275862069,0.3723617074862872,-0.06201687990008031,True
13,401752778,Missouri,defense,rushSuccessRate,0.2903225806451613,0.35140822374297026,0.06108564309780895,True
13,401752778,Missouri,offense,passSuccessRate,0.3103448275862069,0.3845338799989801,-0.07418905241277318,True
13,401752778,Missouri,defense,passSuccessRate,0.3611111111111111,0.33877456845432496,-0.02233654265678614,True
13,401752778,Missouri,offense,explosivePlayRate,0.06896551724137931,0.09999205556624546,-0.031026538324866154,True
13,401752778,Missouri,defense,explosivePlayRate,0.07462686567164178,0.0968283522155462,0.022201486543904414,True
13,401752778,Missouri,offense,yardsPerPlay,4.451612903225806,4.7317649937717645,-0.28015209054595847,True
13,401752778,Missouri,defense,yardsPerPlay,4.7101449275362315,4.471024894214405,-0.23912003332182685,True
14,401752789,LSU,offense,successRate,0.31746031746031744,0.4008677947877668,-0.08340747732744935,True
14,401752789,LSU,defense,successRate,0.25,0.3009385592498564,0.05093855924985641,True
14,401752789,LSU,offense,rushSuccessRate,0.14814814814814814,0.4158908041337461,-0.26774265598559793,True
14,401752789,LSU,defense,rushSuccessRate,0.2222222222222222,0.29522492068839384,0.07300269846617163,True
14,401752789,LSU,offense,passSuccessRate,0.4444444444444444,0.40237697194661604,0.042067472497828384,True
14,401752789,LSU,defense,passSuccessRate,0.28,0.34171439882821386,0.061714398828213834,True
14,401752789,LSU,offense,explosivePlayRate,0.1111111111111111,0.1087452004481419,0.002365910662969206,True
14,401752789,LSU,defense,explosivePlayRate,0.038461538461538464,0.07371339651482856,0.03525185805329009,True
14,401752789,LSU,offense,yardsPerPlay,6.246153846153846,4.610411401712943,1.6357424444409032,True
14,401752789,LSU,defense,yardsPerPlay,3.9814814814814814,3.921100932408514,-0.060380549072967415,True
1,401779840,Alabama,offense,successRate,0.323943661971831,0.394821906821748,-0.070878244849917,True
1,401779840,Alabama,defense,successRate,0.24528301886792453,0.34220751173856023,0.0969244928706357,True
1,401779840,Alabama,offense,rushSuccessRate,0.34615384615384615,0.39010602204958167,-0.043952175895735524,True
1,401779840,Alabama,defense,rushSuccessRate,0.23809523809523808,0.3071831192589728,0.06908788116373471,True
1,401779840,Alabama,offense,passSuccessRate,0.3111111111111111,0.4153436225475919,-0.10423251143648077,True
1,401779840,Alabama,defense,passSuccessRate,0.25,0.3900230594887748,0.1400230594887748,True
1,401779840,Alabama,offense,explosivePlayRate,0.07042253521126761,0.1074888373614191,-0.0370663021501515,True
1,401779840,Alabama,defense,explosivePlayRate,0.1320754716981132,0.08145127874636252,-0.05062419295175069,True
1,401779840,Alabama,offense,yardsPerPlay,4.891891891891892,4.99235906919333,-0.10046717730143762,True
1,401779840,Alabama,defense,yardsPerPlay,4.777777777777778,4.667669855638805,-0.11010792213897247,True
