team,conference,field_pct,conference_champion_pct,bye_pct,at_large_pct,avg_seed_when_in_field,expected_wins,median_wins
Notre Dame,FBS Independents,94.8,0.0,73.45,94.8,3.18,11.08,11
Ohio State,Big Ten,91.0,47.2,64.9,43.8,3.54,10.12,10
Oregon,Big Ten,90.35,31.6,59.55,58.75,3.87,9.24,9
Miami,ACC,81.65,67.1,24.7,14.55,6.72,8.93,9
Georgia,SEC,74.6,41.3,36.25,33.3,5.11,9.06,9
Texas Tech,Big 12,58.4,39.25,13.4,19.15,7.32,8.9,9
USC,Big Ten,57.3,8.9,21.0,48.4,5.92,9.03,9
Texas,SEC,54.75,22.35,17.95,32.4,6.36,8.97,9
Michigan,Big Ten,50.3,6.65,14.85,43.65,6.36,8.77,9
Alabama,SEC,45.7,14.7,15.05,31.0,6.23,8.14,8
Utah,Big 12,40.35,23.9,7.75,16.45,7.81,8.2,8
South Florida,American Athletic,28.35,25.7,3.75,14.1,7.7,7.9,8
Boise State,Pac-12,25.7,54.45,2.35,9.0,8.22,6.8,7
BYU,Big 12,25.05,14.7,3.3,10.35,8.42,7.42,7
Texas A&M,SEC,24.95,6.0,5.45,18.95,7.08,6.61,7
Washington,Big Ten,21.5,2.1,3.55,19.4,7.4,7.41,7
Ole Miss,SEC,20.6,6.25,3.65,14.35,7.35,7.39,7
Kansas State,Big 12,19.85,10.8,2.1,9.05,8.4,7.59,8
Penn State,Big Ten,18.15,2.0,2.75,16.15,7.59,8.24,8
Indiana,Big Ten,17.45,1.2,3.6,16.25,7.19,7.12,7
Liberty,Conference USA,16.25,44.4,1.4,7.35,8.72,5.54,6
Oklahoma,SEC,16.0,4.3,2.3,11.7,7.7,7.66,8
James Madison,Sun Belt,15.75,35.45,1.65,6.2,8.33,7.43,7
SMU,ACC,15.4,9.7,0.95,5.7,9.66,6.5,7
Memphis,American Athletic,14.8,17.55,1.9,7.7,7.99,7.46,7
Jacksonville State,Conference USA,12.95,29.9,1.2,6.7,8.51,4.62,5
Toledo,Mid-American,12.7,30.3,1.4,6.75,8.35,6.66,7
Pittsburgh,ACC,11.5,4.35,0.95,7.15,8.81,7.09,7
Florida State,ACC,10.0,4.0,1.05,6.0,8.67,6.45,6
Clemson,ACC,9.5,4.4,0.85,5.1,9.14,6.69,7
Tulane,American Athletic,8.4,20.0,0.45,3.3,8.92,7.55,8
Arizona,Big 12,7.8,3.0,1.05,4.8,8.15,6.27,6
Tennessee,SEC,6.95,2.0,0.95,4.95,8.29,5.71,6
NC State,ACC,6.7,5.05,0.15,1.65,10.63,6.94,7
San Diego State,Pac-12,6.25,15.7,0.5,3.55,9.02,5.62,6
East Carolina,American Athletic,5.95,13.45,0.05,2.65,9.55,6.71,7
Western Michigan,Mid-American,5.05,29.35,0.2,2.0,9.36,6.67,7
Houston,Big 12,4.8,1.95,0.3,2.85,9.4,6.35,6
UNLV,Mountain West,4.75,42.55,0.05,1.9,9.78,6.6,7
LSU,SEC,4.65,1.1,0.45,3.55,7.98,6.0,6
UTSA,American Athletic,4.1,12.95,0.1,1.65,9.8,6.48,7
South Carolina,SEC,3.25,0.9,0.3,2.35,8.48,5.97,6
TCU,Big 12,3.05,1.9,0.15,1.15,9.67,5.41,5
Iowa,Big Ten,2.8,0.2,0.05,2.6,8.68,6.23,6
West Virginia,Big 12,2.8,1.2,0.2,1.6,8.8,5.87,6
Georgia Tech,ACC,2.55,2.1,0.0,0.45,10.94,5.75,6
Iowa State,Big 12,2.55,1.15,0.15,1.4,9.14,5.56,6
Old Dominion,Sun Belt,2.25,12.85,0.2,1.05,9.38,6.11,6
Ohio,Mid-American,2.1,11.4,0.15,1.1,9.4,5.46,6
Louisville,ACC,1.9,1.25,0.05,0.65,10.32,5.24,5
Marshall,Sun Belt,1.9,8.85,0.05,0.95,9.47,5.44,5
Nevada,Mountain West,1.8,14.55,0.05,0.8,9.22,5.42,5
Troy,Sun Belt,1.7,12.4,0.05,0.5,9.56,6.18,6
Arizona State,Big 12,1.65,1.1,0.05,0.55,10.03,5.44,5
Florida International,Conference USA,1.65,9.05,0.05,1.1,8.73,3.87,4
Florida,SEC,1.6,0.3,0.1,1.3,9.5,5.08,5
Auburn,SEC,1.55,0.35,0.2,1.2,8.61,5.81,6
Texas State,Pac-12,1.5,10.35,0.05,0.95,9.7,5.13,5
North Texas,American Athletic,1.4,5.45,0.15,0.8,8.75,5.93,6
Maryland,Big Ten,1.35,0.05,0.15,1.3,8.56,5.83,6
Virginia,ACC,1.35,0.95,0.0,0.4,10.33,4.95,5
South Alabama,Sun Belt,1.3,7.2,0.1,0.75,8.5,5.71,6
Louisiana,Sun Belt,1.25,11.45,0.0,0.6,9.64,6.32,6
Miami (OH),Mid-American,1.15,15.0,0.0,0.6,10.13,6.2,6
Missouri,SEC,1.05,0.3,0.05,0.75,9.38,5.31,5
Minnesota,Big Ten,0.95,0.05,0.0,0.9,8.63,5.63,6
Hawai'i,Mountain West,0.9,14.95,0.0,0.35,10.44,5.1,5
Eastern Michigan,Mid-American,0.8,6.75,0.1,0.45,8.94,5.01,5
California,ACC,0.7,0.35,0.05,0.35,9.0,5.3,5
Florida Atlantic,American Athletic,0.7,1.8,0.0,0.4,10.14,5.29,5
Illinois,Big Ten,0.7,0.0,0.05,0.7,8.21,5.69,6
Oregon State,Pac-12,0.7,6.35,0.0,0.35,9.86,4.53,5
Duke,ACC,0.65,0.4,0.05,0.25,9.85,5.03,5
Kansas,Big 12,0.55,0.35,0.0,0.2,10.27,4.92,5
Nebraska,Big Ten,0.55,0.0,0.0,0.55,10.27,4.67,5
Washington State,Pac-12,0.55,7.0,0.0,0.25,10.09,4.08,4
Western Kentucky,Conference USA,0.5,12.85,0.0,0.2,10.0,3.27,3
Cincinnati,Big 12,0.45,0.05,0.1,0.4,6.89,4.33,4
Wyoming,Mountain West,0.45,10.2,0.0,0.25,9.33,5.12,5
Baylor,Big 12,0.4,0.25,0.0,0.15,9.75,4.42,4
Louisiana Tech,Sun Belt,0.35,5.75,0.0,0.15,10.57,5.46,5
North Carolina,ACC,0.3,0.1,0.0,0.2,9.33,4.49,4
UCF,Big 12,0.3,0.25,0.0,0.05,11.5,4.64,5
Rutgers,Big Ten,0.25,0.0,0.05,0.25,9.0,4.82,5
Tulsa,American Athletic,0.25,2.3,0.0,0.15,9.2,5.53,6
Buffalo,Mid-American,0.2,3.0,0.0,0.15,9.5,4.34,4
Colorado,Big 12,0.2,0.15,0.0,0.05,11.25,3.67,4
UConn,FBS Independents,0.2,0.0,0.0,0.2,7.0,4.58,5
New Mexico,Mountain West,0.15,2.35,0.05,0.1,8.0,4.05,4
Utah State,Pac-12,0.15,3.35,0.0,0.1,10.0,3.96,4
Vanderbilt,SEC,0.15,0.1,0.0,0.05,11.0,3.7,4
Virginia Tech,ACC,0.15,0.1,0.0,0.05,11.0,4.77,5
Arkansas State,Sun Belt,0.1,1.9,0.0,0.05,10.0,4.15,4
Army,American Athletic,0.1,0.2,0.0,0.1,10.0,3.92,4
Bowling Green,Mid-American,0.1,2.1,0.0,0.05,11.5,3.93,4
Coastal Carolina,Sun Belt,0.1,0.9,0.0,0.1,6.5,3.87,4
Fresno State,Pac-12,0.1,2.5,0.0,0.1,9.5,4.04,4
Georgia State,Sun Belt,0.1,0.45,0.0,0.05,11.0,3.54,3
Northern Illinois,Mountain West,0.1,6.7,0.0,0.05,8.0,4.07,4
Syracuse,ACC,0.1,0.1,0.0,0.0,12.0,3.52,3
Temple,American Athletic,0.1,0.45,0.0,0.1,8.5,4.42,4
Wake Forest,ACC,0.1,0.05,0.0,0.05,11.0,4.55,5
Wisconsin,Big Ten,0.1,0.0,0.0,0.1,9.5,4.66,5
Kent State,Mid-American,0.05,0.75,0.0,0.05,5.0,3.31,3
Mississippi State,SEC,0.05,0.05,0.0,0.0,12.0,3.45,3
Southern Miss,Sun Belt,0.05,0.35,0.0,0.0,12.0,3.51,3
UCLA,Big Ten,0.05,0.05,0.0,0.0,12.0,5.3,5
Air Force,Mountain West,0.0,2.6,0.0,0.0,,4.16,4
Akron,Mid-American,0.0,0.25,0.0,0.0,,2.83,3
App State,Sun Belt,0.0,0.75,0.0,0.0,,4.2,4
Arkansas,SEC,0.0,0.0,0.0,0.0,,3.27,3
Ball State,Mid-American,0.0,0.3,0.0,0.0,,2.8,3
Boston College,ACC,0.0,0.0,0.0,0.0,,2.73,3
Central Michigan,Mid-American,0.0,0.8,0.0,0.0,,3.82,4
Charlotte,American Athletic,0.0,0.05,0.0,0.0,,3.32,3
Colorado State,Pac-12,0.0,0.3,0.0,0.0,,2.85,3
Delaware,Conference USA,0.0,0.0,0.0,0.0,,0.0,0
Georgia Southern,Sun Belt,0.0,1.4,0.0,0.0,,4.15,4
Kennesaw State,Conference USA,0.0,0.0,0.0,0.0,,0.0,0
Kentucky,SEC,0.0,0.0,0.0,0.0,,3.68,4
Massachusetts,Mid-American,0.0,0.0,0.0,0.0,,1.5,1
Michigan State,Big Ten,0.0,0.0,0.0,0.0,,4.41,4
Middle Tennessee,Conference USA,0.0,2.25,0.0,0.0,,2.95,3
Missouri State,Conference USA,0.0,0.0,0.0,0.0,,0.0,0
Navy,American Athletic,0.0,0.0,0.0,0.0,,3.35,3
New Mexico State,Conference USA,0.0,0.4,0.0,0.0,,1.96,2
North Dakota State,Mountain West,0.0,0.0,0.0,0.0,,0.0,0
Northwestern,Big Ten,0.0,0.0,0.0,0.0,,3.86,4
Oklahoma State,Big 12,0.0,0.0,0.0,0.0,,2.78,3
Purdue,Big Ten,0.0,0.0,0.0,0.0,,3.27,3
Rice,American Athletic,0.0,0.1,0.0,0.0,,2.89,3
Sacramento State,Mid-American,0.0,0.0,0.0,0.0,,0.0,0
Sam Houston,Conference USA,0.0,1.15,0.0,0.0,,2.46,2
San José State,Mountain West,0.0,3.8,0.0,0.0,,4.11,4
Stanford,ACC,0.0,0.0,0.0,0.0,,3.64,4
UAB,American Athletic,0.0,0.0,0.0,0.0,,3.01,3
UL Monroe,Sun Belt,0.0,0.3,0.0,0.0,,3.78,4
UTEP,Mountain West,0.0,2.3,0.0,0.0,,3.37,3
