id,name,position,position_group,roster_year,roster_year_label,height,weight,status,transfer_origin,transfer_rating,transfer_stars,transfer_date,transfer_eligibility
4596437,AJ Green Jr.,RB,RB,4,Roster year 4,70,216,new_other,,,,,
4687453,Jori Benson,DT,DL,4,Roster year 4,75,290,returning,,,,,
4709449,Domanick Moon,LB,LB,4,Roster year 4,74,235,returning,,,,,
4814926,Hunter Whitenack,OL,OL,4,Roster year 4,78,340,returning,,,,,
4816083,Daeh McCullough,S,DB,3,Roster year 3,73,180,transfer_in,Louisville,0.84,3,2026-01-23T17:11:00.000Z,Immediate
4833019,Dakari Frazier,DL,DL,3,Roster year 3,75,280,returning,,,,,
4868896,DeJuan Echoles Jr.,DE,DL,4,Roster year 4,73,235,transfer_in,Ball State,0.82,3,2026-01-13T16:48:00.000Z,Immediate
4869526,Dillon Moore,LB,LB,4,Roster year 4,74,223,returning,,,,,
4882000,Chad Schuster,OL,OL,4,Roster year 4,78,305,returning,,,,,
4910683,August Johanningsmeier,DE,DL,4,Roster year 4,76,280,returning,,,,,
4912229,Palmer Domschke,PK,ST,4,Roster year 4,70,186,returning,,,,,
4917858,Cole Cabana,RB,RB,3,Roster year 3,71,197,returning,,,,,
4954514,Brennan Wooten,TE,TE,4,Roster year 4,76,250,returning,,,,,
5074245,Broc Lowry,QB,QB,3,Roster year 3,73,210,returning,,,,,
5075962,Baylin Brooks,WR,WR,3,Roster year 3,73,207,returning,,,,,
5079700,Ben Roebuck,OL,OL,2,Roster year 2,79,330,transfer_in,Michigan,,3,2026-01-08T16:25:00.000Z,Immediate
5081838,Blair Alexander,DT,DL,4,Roster year 4,74,270,new_other,,,,,
5085006,Jalen Buckley,RB,RB,4,Roster year 4,71,225,returning,,,,,
5085007,Will Gerig,DE,DL,4,Roster year 4,76,250,returning,,,,,
5085008,Brandon Smith,OL,OL,4,Roster year 4,76,315,new_other,,,,,
5086095,Terence Marshall,WR,WR,2,Roster year 2,74,192,returning,,,,,
5086219,Jarvarius Sims,CB,DB,4,Roster year 4,72,188,returning,,,,,
5092242,Joshua Franklin,DB,DB,4,Roster year 4,72,175,returning,,,,,
5095224,Tahj Owens,S,DB,4,Roster year 4,72,205,transfer_in,Princeton,0.84,3,2026-01-20T17:15:00.000Z,Immediate
5097172,Kouri Crump,S,DB,4,Roster year 4,75,205,transfer_in,VMI,0.84,3,2026-01-07T03:33:00.000Z,Immediate
5109794,Dalton Gustwiller,DL,DL,3,Roster year 3,75,305,returning,,,,,
5121636,Adam Parks,TE,TE,3,Roster year 3,76,245,transfer_in,New Mexico State,0.79,2,2026-01-12T17:22:00.000Z,Immediate
5125739,Joey Pope,S,DB,3,Roster year 3,71,165,returning,,,,,
5126475,Trey Petty,QB,QB,2,Roster year 2,72,200,transfer_in,Illinois,0.83,3,2026-01-10T20:55:00.000Z,Immediate
5144956,Ryan Brotherton,TE,TE,2,Roster year 2,76,228,returning,,,,,
5145473,Mason Reynolds,QB,QB,2,Roster year 2,73,220,returning,,,,,
5147055,Carlos Mitchell Jr.,CB,DB,2,Roster year 2,69,175,new_other,,,,,
5148828,Gavin Dabo,OL,OL,2,Roster year 2,77,305,returning,,,,,
5150707,Ryan Millmore,P,ST,3,Roster year 3,75,200,returning,,,,,
5153248,Jordon Thomas,CB,DB,4,Roster year 4,72,181,returning,,,,,
5155273,Egypt Nelson,WR,WR,3,Roster year 3,76,200,returning,,,,,
5156344,Micah Davis,S,DB,3,Roster year 3,73,200,returning,,,,,
5157493,Willard Ferrell,CB,DB,4,Roster year 4,73,155,transfer_in,Presbyterian,0.84,3,2026-01-22T16:55:00.000Z,Immediate
5157528,Nate Levicki,TE,TE,4,Roster year 4,74,245,new_other,,,,,
5164351,Aveion Chenault,WR,WR,2,Roster year 2,72,190,returning,,,,,
5167169,Freddy Brown,LB,LB,1,Roster year 1,71,215,returning,,,,,
5178602,Noah Bishop,DE,DL,2,Roster year 2,76,245,returning,,,,,
5191778,Jeremy Schleicher,OL,OL,2,Roster year 2,75,305,returning,,,,,
5193129,CJ Miles Jr.,S,DB,2,Roster year 2,73,201,returning,,,,,
5195950,Brenden Anes,LB,LB,2,Roster year 2,74,233,transfer_in,Tennessee,,3,2026-01-08T18:00:00.000Z,Immediate
5211210,Brady Rhoad,TE,TE,1,Roster year 1,75,235,returning,,,,,
5215309,Spencer Beckeman,OL,OL,1,Roster year 1,77,305,returning,,,,,
5216784,Gian Carter,DL,DL,1,Roster year 1,75,231,returning,,,,,
5218736,Emazon Littlejohn,WR,WR,2,Roster year 2,72,188,transfer_in,South Carolina,,,2026-01-05T17:37:00.000Z,Immediate
5219059,Ahmed Tounkara,DT,DL,2,Roster year 2,72,292,transfer_in,Ohio State,0.8,3,2026-01-15T17:39:00.000Z,Immediate
5219196,Zavian Tibbs,DT,DL,4,Roster year 4,73,290,new_other,,,,,
5219267,Drew Doyle,LS,ST,2,Roster year 2,73,242,transfer_in,Virginia Tech,,,2026-01-21T16:45:00.000Z,Immediate
5220154,Braden Steely,S,DB,2,Roster year 2,71,192,returning,,,,,
5220155,Nathan Sines,TE,TE,3,Roster year 3,78,228,returning,,,,,
5220157,Andrew Baker,LB,LB,2,Roster year 2,73,225,returning,,,,,
5220158,Jake Chellman,OL,OL,2,Roster year 2,77,297,returning,,,,,
5220159,Jacob Krause,OL,OL,2,Roster year 2,78,285,returning,,,,,
5220161,JR Hays,RB,RB,2,Roster year 2,69,187,returning,,,,,
5222651,Jacob Wilk,OL,OL,1,Roster year 1,78,295,returning,,,,,
5232069,Scoop Gardner Jr.,DE,DL,3,Roster year 3,73,255,new_other,,,,,
5257316,Nolan Miller,OL,OL,1,Roster year 1,75,295,returning,,,,,
5257619,KJ Kotalik,OL,OL,1,Roster year 1,80,328,returning,,,,,
5257811,Jaxson Dosh,QB,QB,1,Roster year 1,72,200,new_other,,,,,
5264761,Jacob Bailey,OL,OL,1,Roster year 1,76,309,new_other,,,,,
5276960,Donovan Triplett,RB,RB,1,Roster year 1,67,190,new_other,,,,,
5279319,Max Baker,DE,DL,1,Roster year 1,76,279,new_other,,,,,
5282264,Brodon Moore,CB,DB,1,Roster year 1,69,165,new_other,,,,,
5282469,Harper Hughes,WR,WR,1,Roster year 1,71,185,new_other,,,,,
5291699,Breck Mallory,LB,LB,1,Roster year 1,74,210,new_other,,,,,
5291737,Ryan Rocheleau,TE,TE,1,Roster year 1,76,230,new_other,,,,,
5291817,Camari Patterson,S,DB,1,Roster year 1,70,190,new_other,,,,,
5293876,Zak Zeman,PK,ST,1,Roster year 1,72,170,new_other,,,,,
5294561,Austin Alexander,DE,DL,2,Roster year 2,75,255,transfer_in,North Carolina,0.86,3,2026-01-21T16:23:00.000Z,Immediate
5296164,Chase Dawkins,RB,RB,1,Roster year 1,69,200,returning,,,,,
5296165,Amarian Louis,CB,DB,3,Roster year 3,68,166,returning,,,,,
5296166,Ofa Mataele,RB,RB,4,Roster year 4,72,219,returning,,,,,
5296168,Gabe Welch,LB,LB,3,Roster year 3,73,225,returning,,,,,
5296169,Will Peterson,LS,ST,1,Roster year 1,73,215,returning,,,,,
5296170,Liam Vaughan,OL,OL,1,Roster year 1,73,295,returning,,,,,
5296172,Keivin Boone-Nelson II,WR,WR,4,Roster year 4,70,180,returning,,,,,
5296174,DeShawn Robinson,DL,DL,3,Roster year 3,74,303,returning,,,,,
5300126,Cam'ron Barber,CB,DB,2,Roster year 2,70,170,new_other,,,,,
5302873,Elijah Lucas,WR,WR,1,Roster year 1,74,200,new_other,,,,,
5302874,Munachimdainanma Newman-Nwodika,OL,OL,1,Roster year 1,75,260,new_other,,,,,
5302875,Angelo Pugliano,DL,DL,1,Roster year 1,73,285,new_other,,,,,
5311782,Angelo Chapman,WR,WR,1,Roster year 1,71,160,new_other,,,,,
5319138,Ryan Westrich,OL,OL,1,Roster year 1,78,260,new_other,,,,,
5326469,Gavin Beachner,OL,OL,1,Roster year 1,78,324,new_other,,,,,
5327237,Chris Stewart,DE,DL,1,Roster year 1,75,230,new_other,,,,,
5327555,Trevon Collard,S,DB,1,Roster year 1,72,170,new_other,,,,,
5394435,Justyce Betts,LB,LB,2,Roster year 2,71,220,new_other,,,,,
5394436,Kordell Gouldsby,WR,WR,3,Roster year 3,69,170,new_other,,,,,
5394437,Teegan Haines,LB,LB,3,Roster year 3,75,210,new_other,,,,,
5394438,Jermar McCarter,LB,LB,3,Roster year 3,73,210,new_other,,,,,
5394439,KJ Burley,DE,DL,2,Roster year 2,75,245,new_other,,,,,
5394440,Keegan McCue,S,DB,1,Roster year 1,70,170,new_other,,,,,
5394441,Dieter Kelly,PK,ST,3,Roster year 3,71,200,new_other,,,,,
5394442,Tanner Holt,P,ST,1,Roster year 1,72,175,new_other,,,,,
5394443,Enese Tonga,TE,TE,2,Roster year 2,76,250,new_other,,,,,
5394444,Cody Haworth,DE,DL,1,Roster year 1,76,235,new_other,,,,,
5394445,Tre Johnson,CB,DB,1,Roster year 1,75,160,new_other,,,,,
5394446,Alex Poholik,C,OL,2,Roster year 2,74,300,new_other,,,,,
5394447,Michael Dersa,TE,TE,1,Roster year 1,77,215,new_other,,,,,
5394448,Jayden Aswell,DL,DL,3,Roster year 3,77,274,new_other,,,,,
